,task-1-epoch-2,task-2-epoch-5
0,2.8613719940185547,3.050290107727051
