,task-1-epoch-2,task-2-epoch-5
0,0.42714864015579224,0.4285930395126343
