,task-1-epoch-2,task-2-epoch-5
0,1.2660558223724365,1.0423885583877563
