,task-1-epoch-2,task-2-epoch-5
0,0.5629197359085083,0.3745528757572174
