,task-1-epoch-2,task-2-epoch-5
0,4.515859603881836,4.029046058654785
