,task-1-epoch-2,task-2-epoch-5
0,7.928135395050049,8.332243919372559
