,task-1-epoch-2,task-2-epoch-5
0,1.430997371673584,1.5384936332702637
