,task-1-epoch-2,task-2-epoch-5
0,1.3810832500457764,1.047775149345398
