,task-1-epoch-2,task-2-epoch-5
0,1.1816637516021729,0.8678820133209229
