,task-1-epoch-2,task-2-epoch-5
0,2.50189208984375,2.1908771991729736
