,task-1-epoch-2,task-2-epoch-5
0,14.617731094360352,16.981834411621094
