,task-1-epoch-2,task-2-epoch-5
0,0.9589161276817322,0.6572819352149963
