,task-1-epoch-2,task-2-epoch-5
0,2.722848892211914,2.7763333320617676
