,task-1-epoch-2,task-2-epoch-5
0,0.7542175054550171,1.093625545501709
