,task-1-epoch-2,task-2-epoch-5
0,1.1457031965255737,0.8191519975662231
