,task-1-epoch-2,task-2-epoch-5
0,1.489011526107788,1.7090517282485962
