,task-1-epoch-2,task-2-epoch-5
0,0.6020033359527588,0.7939795255661011
