,task-1-epoch-2,task-2-epoch-5
0,3.179875612258911,2.3661317825317383
