,task-1-epoch-2,task-2-epoch-5
0,0.9702080488204956,1.9863722324371338
