,task-1-epoch-2,task-2-epoch-5
0,1.1985951662063599,1.047154426574707
