,task-1-epoch-2,task-2-epoch-5
0,0.8695905208587646,0.5777484774589539
