,task-1-epoch-2,task-2-epoch-5
0,0.890444278717041,0.713062047958374
