,task-1-epoch-2,task-2-epoch-5
0,5.628359794616699,9.589516639709473
