,task-1-epoch-2,task-2-epoch-5
0,6.714397430419922,5.680093765258789
