,task-1-epoch-2,task-2-epoch-5
0,2.630152940750122,3.2023298740386963
