,task-1-epoch-2,task-2-epoch-5
0,1.0862541198730469,1.1277934312820435
