,task-1-epoch-2,task-2-epoch-5
0,2.3339133262634277,2.5113747119903564
