,task-1-epoch-2,task-2-epoch-5
0,3.162904739379883,2.2574069499969482
