,task-1-epoch-2,task-2-epoch-5
0,4.440395355224609,4.170185089111328
