,task-1-epoch-2,task-2-epoch-5
0,0.9064712524414062,2.4969589710235596
