,task-1-epoch-2,task-2-epoch-5
0,1.0315600633621216,0.11101511120796204
