,task-1-epoch-2,task-2-epoch-5
0,3.197739601135254,2.569600820541382
