,task-1-epoch-2,task-2-epoch-5
0,2.506166934967041,4.377194404602051
