,task-1-epoch-2,task-2-epoch-5
0,0.37452322244644165,1.0626113414764404
