,task-1-epoch-2,task-2-epoch-5
0,1.0882127285003662,2.067713499069214
