,task-1-epoch-2,task-2-epoch-5
0,2.7258946895599365,2.552906036376953
