,task-1-epoch-2,task-2-epoch-5
0,0.9595475196838379,0.6813936233520508
