,task-1-epoch-2,task-2-epoch-5
0,0.5170034766197205,0.4161621332168579
