,task-1-epoch-2,task-2-epoch-5
0,0.45565176010131836,0.5456569194793701
