,task-1-epoch-2,task-2-epoch-5
0,13.611837387084961,16.44741439819336
