,task-1-epoch-2,task-2-epoch-5
0,0.9457792043685913,1.0004292726516724
