,task-1-epoch-2,task-2-epoch-5
0,0.1102266013622284,0.10913805663585663
