,task-1-epoch-2,task-2-epoch-5
0,0.3354911506175995,0.3227872848510742
