,task-1-epoch-2,task-2-epoch-5
0,2.9502439498901367,2.839085102081299
