,task-1-epoch-2,task-2-epoch-5
0,2.3960120677948,1.9059367179870605
