,task-1-epoch-2,task-2-epoch-5
0,4.367980480194092,6.488733291625977
