,task-1-epoch-2,task-2-epoch-5
0,1.4185750484466553,0.8932870626449585
