,task-1-epoch-2,task-2-epoch-5
0,8.345783233642578,7.309629440307617
