,task-1-epoch-2,task-2-epoch-5
0,2.470287322998047,3.850950241088867
