,task-1-epoch-2,task-2-epoch-5
0,1.5819240808486938,0.4241672158241272
