,task-1-epoch-2,task-2-epoch-5
0,0.6803444623947144,1.098524570465088
