,task-1-epoch-2,task-2-epoch-5
0,2.699099063873291,6.499020576477051
