,task-1-epoch-2,task-2-epoch-5
0,0.5317820310592651,0.9534282684326172
