,task-1-epoch-2,task-2-epoch-5
0,0.5540907979011536,0.43379274010658264
