,task-1-epoch-2,task-2-epoch-5
0,1.0540704727172852,0.8705825805664062
