,task-1-epoch-2,task-2-epoch-5
0,2.7782039642333984,2.1545588970184326
