,task-1-epoch-2,task-2-epoch-5
0,3.035125494003296,2.2574405670166016
