,task-1-epoch-2,task-2-epoch-5
0,2.630152940750122,2.120927333831787
