,task-1-epoch-2,task-2-epoch-5
0,0.6009301543235779,0.4988346993923187
