,task-1-epoch-2,task-2-epoch-5
0,4.7117695808410645,4.134953022003174
