,task-1-epoch-2,task-2-epoch-5
0,2.2936882972717285,3.7346644401550293
