,task-1-epoch-2,task-2-epoch-5
0,2.311683177947998,2.1893692016601562
