,task-1-epoch-2,task-2-epoch-5
0,2.8783679008483887,2.6063284873962402
