,task-1-epoch-2,task-2-epoch-5
0,9.337013244628906,8.537668228149414
