,task-1-epoch-2,task-2-epoch-5
0,5.496940612792969,9.363966941833496
