,task-1-epoch-2,task-2-epoch-5
0,4.7117695808410645,6.729569435119629
