,task-1-epoch-2,task-2-epoch-5
0,14.966878890991211,16.784507751464844
