,task-1-epoch-2,task-2-epoch-5
0,0.5808666944503784,0.9220021963119507
