,task-1-epoch-2,task-2-epoch-5
0,4.661365509033203,6.787667274475098
