,task-1-epoch-2,task-2-epoch-5
0,6.210093021392822,10.253602981567383
