,task-1-epoch-2,task-2-epoch-5
0,2.7258946895599365,5.364597797393799
