,task-1-epoch-2,task-2-epoch-5
0,1.1131693124771118,1.3941538333892822
