,task-1-epoch-2,task-2-epoch-5
0,14.013322830200195,13.425825119018555
