,task-1-epoch-2,task-2-epoch-5
0,1.3034687042236328,0.9439088702201843
