,task-1-epoch-2,task-2-epoch-5
0,0.43302348256111145,2.093217611312866
