,task-1-epoch-2,task-2-epoch-5
0,13.87533187866211,13.837336540222168
