,task-1-epoch-2,task-2-epoch-5
0,8.36485481262207,7.679407119750977
