,task-1-epoch-2,task-2-epoch-5
0,0.566030740737915,0.11990915238857269
