,task-1-epoch-2,task-2-epoch-5
0,5.7638092041015625,7.231353282928467
