,task-1-epoch-2,task-2-epoch-5
0,10.018026351928711,6.692910671234131
