,task-1-epoch-2,task-2-epoch-5
0,2.65468692779541,3.27260684967041
