,task-1-epoch-2,task-2-epoch-5
0,1.0827672481536865,1.0614469051361084
