,task-1-epoch-2,task-2-epoch-5
0,1.3810832500457764,2.1204004287719727
